product_id,product_name
101010101,稻谷
101010102,小麦
101010103,玉米
101010104,谷子
101010105,高粱
101010106,大麦
101010107,燕麦
101010108,黑麦
101010109,荞麦
101010199,其他谷物
101010201,马铃薯
101010202,木薯
101010203,甘薯
101010299,其他薯类
101010301,花生
101010302,油菜籽
101010303,芝麻
101010399,其他油料
101010401,大豆
101010402,绿豆
101010499,其他杂豆
101010500,棉花
101010600,生麻
101010701,甘蔗
101010702,甜菜
101010799,其他糖料
101010801,未去梗烤烟叶
101010899,其他未加工烟草
101010901,饲料牧草
101010999,其他饲料作物
101011000,水生植物类
101011101,作物茎、秆、根
101011199,其他农作物副产品
101011201,萝卜等根菜类蔬菜
101011202,山药等薯芋类蔬菜
101011203,葱蒜类蔬菜
101011204,白菜类蔬菜
101011205,芥菜类蔬菜
101011206,甘蓝类蔬菜
101011207,芹菜等叶菜类蔬菜
101011208,瓜类蔬菜
101011209,番茄等茄果类蔬菜
101011210,菜豆等豆类蔬菜
101011211,莲藕等水生蔬菜
101011212,竹笋等多年生及杂类蔬菜
101011213,香菇等食用菌
101011214,绿豆芽等芽苗菜
101011215,其他蔬菜
101011301,盆栽花
101011302,鲜切花及花蕾
101011303,切叶
101011304,切枝
101011305,干燥花
101011401,园艺产品
101011499,其他盆景及园艺产品
101011501,水果（园林水果）
101011502,干制水果
101011503,食用坚果
101011601,茶叶
101011602,饮料原料
101011699,其他未列明饮料原料
101011700,香料原料
101011800,中草药材
101011901,种用谷物
101011902,种用薯类
101011903,种用油料
101011904,种用豆类
101011905,种用饲料作物
101011906,蔬菜籽
101011907,花草种
101011908,水果籽
101011999,其他种子、种苗
101020100,育种和育苗
101020201,原木
101020202,小规格木材
101020203,薪材
101020204,短条及细枝等
101020299,其他木材采伐产品
101020301,原竹
101020399,其他竹材采伐产品
101020401,天然橡胶
101020402,天然树脂、树胶
101020403,栲胶原料
101020404,非直接食用果类
101020405,编结用原料
101020406,染色、鞣革用植物原料
101020407,野生植物活体
101020408,野生植物采集产品
101020499,其他林产品
101030101,猪
101030102,牛
101030103,马
101030104,驴
101030105,骡
101030106,羊
101030107,骆驼
101030199,其他活牲畜
101030201,活鸡
101030202,活鸭
101030203,活鹅
101030299,其他活家禽
101030301,生奶
101030302,禽蛋
101030303,天然蜂蜜及副产品
101030304,蚕茧
101030305,动物毛类
101030306,生皮
101030307,生毛皮
101030308,制刷用兽毛
101030309,麝香
101030310,鹿茸
101030311,燕窝
101030399,其他畜禽产品
101030401,野生动物
101030402,野生鸟类
101030499,其他野生动物
101039900,其他饲养动物
101040100,海水鱼
101040200,海水虾
101040300,海水蟹
101040400,海水贝类
101040500,海水藻类
101040600,海水软体水生动物
101040700,海水产品种苗
101049900,其他海水产品
101050100,淡水鱼
101050200,淡水虾
101050300,淡水蟹
101050400,淡水贝类
101050500,淡水藻类
101050600,淡水鲜软体动物
101050700,淡水产品种苗
101059900,其他淡水产品
102010100,原煤
102010200,洗煤
102019900,其他煤炭采选产品（低热值燃料）
102020101,天然原油
102020102,沥青矿原油
102020200,天然气
102020300,液化天然气
102020400,煤层气
102020500,天然气水合物
102020601,沥青页岩
102020602,油母页岩
102020603,焦（重）油砂
102020699,其他油页岩
102030100,铁矿石
102030200,锰矿石
102030300,铬矿石
102040101,铜矿石
102040102,铅锌矿石
102040103,镍矿石
102040104,钴矿石
102040105,锡矿石
102040106,锑矿石
102040107,铝土矿石
102040108,镁矿石
102040109,汞矿石
102040110,铋矿石
102040111,钛矿石
102040112,钠矿石
102040199,其他常用有色金属矿石
102040201,金矿砂及其精矿石
102040202,银矿砂及其精矿石
102040299,其他贵金属矿石
102040301,钨矿石
102040302,钼矿石
102040303,稀土矿产品
102040304,磷钇矿石
102040401,铀矿石
102040402,钍矿石
102049901,锂矿石
102049902,铍矿石
102049903,铯矿石
102049904,钽矿石
102049905,铌矿石
102049906,钛钽铌矿石
102049907,钒矿石
102049908,锆矿石
102049999,其他未列明有色金属矿石
102050101,石灰石
102050102,石膏类
102050201,天然大理石荒料
102050202,天然花岗石荒料
102050203,石英岩
102050204,砂岩
102050205,板岩
102050206,蜡石
102050299,其他建筑用天然石料
102050301,耐火粘土
102050302,耐火粘土熟料
102050303,铁铝矾土
102050304,白云岩
102050305,煅烧白云石
102050306,红柱石
102050307,蓝晶石
102050308,夕线石
102050399,其他耐火土石类
102050401,粘土
102050402,煅烧高岭土
102050403,硅质土
102050404,建筑用砂、土
102050405,其他砂石骨料
102050406,干化污泥
102050407,以自己采掘的砂、土、石料或其他矿物连续生产的砖、瓦、石灰（不含粘土实心砖、瓦）
102050501,硫铁矿石
102050502,磷矿石
102050503,钾矿石
102050504,硼矿石
102050505,硫磺矿石
102050506,萤石
102050507,重晶石
102050508,毒重石
102050509,冰晶石
102050510,冰洲晶石
102050511,硫镁矾矿石
102050512,蛇纹石
102050513,天青石
102050514,天然碱
102050515,芒硝矿石
102050516,天然硝石
102050517,明矾石
102050518,砷矿石
102050599,其他化学矿石
102050601,海盐
102050602,湖盐
102050603,井矿盐
102050699,其他原盐
102050700,石棉
102050800,云母
102050900,天然石墨
102051000,滑石
102051101,天然宝石类矿石
102051102,天然玉石类矿石
102051103,彩石类矿石
102059900,其他非金属矿石
102060000,其他矿产品
103010101,小麦粉
103010102,大米粉
103010199,其他谷物细粉
103010201,碾磨、脱壳谷物
103010202,粗磨谷物
103010203,谷物加工制品
103010301,薯类及类似植物加工品
103010302,干豆粉
103010303,水果、坚果粉
103010399,其他植物加工品
103010401,饲料
103010402,饲料添加剂
103010403,动物源性饲料
103010404,饲料用植物根粉
103010405,饲料用水产品渣粉
103010406,豆粕
103010501,食用植物油及食用植物油脂
103010502,非食用植物油
103010503,植物油分离制品
103010504,植物油脂加工产品
103010601,原糖
103010602,成品糖
103010603,加工糖
103010604,制糖副产品
103010701,鲜、冷、冻肉
103010702,动物肠衣
103010703,可食用动物杂碎
103010704,动物油脂及加工制品
103010705,动物精及汁
103010801,蒸煮香肠制品
103010802,熏肉制品
103010803,酱卤烧烤肉制品
103010804,腌腊肉制品
103010805,干炸肉制品
103010899,其他熟肉制品
103010901,冷冻水产品
103010902,干制水产品
103010903,腌渍水产品
103010904,熏制水产品
103010905,鱼糜（熟肉）制品
103010906,甲壳水产品加工品
103010907,水产品精、汁制品
103010908,水产品油脂制品
103010999,其他水产加工品
103011001,冷冻蔬菜
103011002,暂时保藏蔬菜（原料）
103011003,干制蔬菜（脱水蔬菜）
103011004,腌渍菜
103011101,冷冻水果及坚果
103011102,水果酱
103011103,坚果酱
103011104,果泥
103011105,果膏及类似制品
103011106,果核及核仁
103011107,焙、炒加工坚果及果仁
103011108,蒸煮加工坚果及果仁
103011109,暂时保藏水果及坚果（原料）
103011199,其他水果、坚果加工品
103011201,淀粉
103011202,菊粉
103011203,淀粉制品
103011204,淀粉糖
103011205,面筋
103011206,糊精及改性淀粉
103011299,其他淀粉及淀粉制品
103011301,水豆腐
103011302,豆制品
103011303,豆浆及豆浆粉
103011401,鸡鸭鹅蛋品
103011402,其他蛋品
103011403,再制蛋
103011404,卵清蛋白
103011500,植物蛋白
103011600,微生物蛋白
103019900,其他农副食品
103020101,糕点
103020102,面包
103020103,饼干
103020104,膨化食品
103020105,焙烤松脆食品
103020199,其他焙烤食品
103020201,糖果
103020202,巧克力
103020203,巧克力制品
103020204,代可可脂巧克力
103020205,代可可脂巧克力制品
103020206,蜜饯
103020207,果冻及果冻罐头
103020301,米、面制半成品
103020302,速冻食品
103020303,即食方便食品
103020401,液体乳
103020402,固体及半固体乳制品
103020501,畜肉类罐头
103020502,禽肉类罐头
103020503,水产动物类罐头
103020504,蔬菜类罐头
103020505,水果类罐头
103020506,果酱类罐头
103020507,干果和坚果类罐头
103020508,谷物制品类罐头
103020509,豆类制品罐头
103020510,汤类罐头
103020511,调味类罐头
103020512,混合类罐头
103020513,婴幼儿辅助食品类罐头
103020599,其他罐头
103020601,味精（谷氨酸钠）
103020602,酱油及酱类制品
103020603,醋及醋代用品
103020604,复合调味品
103020701,酵母
103020702,食品用氨基酸
103020703,柠檬酸及其盐和酸酯
103020704,食品用发酵有机酸
103020705,食品用酶制剂
103020801,婴幼儿用均化食品
103020802,营养配餐食品
103020803,蜂蜜营养制品
103020899,其他营养、保健食品
103020901,冰淇淋
103020902,雪糕类
103020903,冰棍
103020904,甜味冰
103020905,雪泥
103020906,食用冰
103020999,其他冷冻饮品
103021001,食用盐
103021002,非食用盐
103021101,木糖
103021199,其他食品添加剂
103021201,食品用原料粉
103021202,饮料用原料
103021203,植物液汁及浸膏
103021204,糯米纸
103021299,其他食品用类似原料
103029900,其他食品
103030101,木质水解酒精
103030199,其他酒精
103030200,白酒
103030301,每吨不超过3000元的啤酒
103030302,每吨3000元（含）以上的啤酒
103030400,黄酒
103030500,葡萄酒
103030600,其他酒
103030701,碳酸型饮料（汽水）
103030702,果汁和蔬菜汁类饮料
103030703,蛋白饮料
103030704,包装饮用水
103030705,茶饮料
103030706,咖啡饮料
103030707,固体饮料
103030799,其他软饮料
103030801,精制茶
103030802,茶制品
103030803,边销茶
103030901,酒及酒精专用原辅料
103030902,饮料专用原辅料
103040101,片烟
103040102,烟梗
103040201,甲类卷烟
103040202,乙类卷烟
103040203,烟草代用品制的卷烟
103040301,烟草制的雪茄烟
103040302,烟草代用品制的雪茄烟
103040400,烟丝
104010101,已梳皮棉
104010102,纱
104010103,线
104010104,缝纫线
104010105,布
104010106,印染布
104010201,毛条
104010202,毛纱
104010203,绒线
104010204,毛机织物（呢绒）
104010205,特种羊毛或动物细毛织物
104010206,毛染整精加工产品
104010301,麻纤维原料
104010302,麻纱线
104010303,亚麻布
104010304,亚麻印染布
104010305,苎麻布
104010306,苎麻印染布
104010307,黄红麻织物
104010308,大麻织物
104010399,其他麻纺织品
104010401,蚕丝
104010402,蚕丝及交织机织物
104010403,印染蚕丝及交织机织物
104010404,化纤长丝机织物
104010405,特种丝织物
104010501,床褥单
104010502,被面
104010503,枕套
104010504,被罩
104010505,床罩
104010506,毯子
104010507,寝具及类似填充用品
104010508,毛巾被
104010509,枕巾
104010599,其他床上用织物制品
104010601,台布（桌布）
104010602,毛巾
104010603,餐桌、盥洗及厨房用织物制品
104010604,窗帘及类似品
104010605,垫子套
104010606,安全用织物制品
104010699,其他纺织制品
104010701,毡呢
104010702,包装用织物制品
104010801,油苫布
104010802,天篷
104010803,遮阳篷
104010804,帐篷
104010805,篷房
104010806,风帆
104010807,充气褥垫
104010808,野营用织物制品
104010809,降落伞、旗帜及类似品
104010901,纤维纺制绳、缆
104010902,网类制品
104010903,吊装绳索具
104010904,绳梯类制品
104010999,其他纤维纺制线、绳、索、缆
104011001,帘子布
104011002,纺织材料制传输带
104011003,用塑料处理纺织物
104011004,涂胶或淀粉纺织物
104011005,涂焦油、蜡、沥青或类似产品纺织物
104011006,硬挺纺织物
104011007,狭幅机织物
104011101,无纺布（无纺织物）
104011102,无纺织物制品
104011201,经编织物
104011202,纬编制物
104011203,针织或钩编起绒织物
104011204,针织钩编织物（针织坯布）
104011301,针织或钩编床罩
104011302,针织或钩编相关床上制品
104011303,针织或钩编台布
104011304,针织或钩编相关餐桌用制品
104011305,针织或钩编窗帘及类似品
104011306,针织袜
104011307,针织手套
104011401,围巾类
104011402,领带
104011403,手帕
104019901,纺织材料絮胎及其制品
104019902,纺织材料制标签、徽章及类似品
104019903,成匹编带、装饰带及类似品
104019904,网眼薄纱，相关网眼织物
104019905,图案花边
104019906,供技术用途纺织品
104019999,其他未列明纺织产品
104020101,女内衣
104020102,男内衣
104020103,女睡衣
104020104,男睡衣
104020105,女浴衣
104020106,男浴衣
104020107,女衬衫
104020108,男衬衫
104020109,女Ｔ恤衫
104020110,男Ｔ恤衫
104020111,女上衣
104020112,男上衣
104020113,女裤子
104020114,男裤子
104020115,裙子
104020116,女大衣、女风衣
104020117,男大衣、男风衣
104020118,便服套装
104020119,西服套装
104020120,女毛衣
104020121,男毛衣
104020122,防寒服
104020123,运动服装
104020124,婴幼儿服装
104020125,特种服装
104020199,其他服装
104020201,天然皮革服装
104020202,非天然皮革服装
104020301,毛皮服装
104020302,毛皮服装附件
104020401,皮革鞋靴
104020402,纺织面鞋
104020403,胶鞋
104020404,塑料鞋
104020405,木制鞋
104020406,舞蹈、戏剧用靴鞋
104020407,靴鞋零件、护腿及类似品
104020499,其他鞋
104020501,帽子
104020502,帽子附件
104030100,半成品革
104030201,成品革
104030202,再生皮革
104030301,衣箱、提箱及类似容器
104030302,手提包（袋）、背包
104030303,皮革作面类似箱、包容器
104030304,塑料作面类似箱、包容器
104030305,纺织材料作面类似箱、包容器
104030399,其他箱、包及类似容器
104030401,皮革手套
104030402,毛皮手套
104030403,皮革制衣着附件
104030501,钱包及类似物品
104030502,皮革制座套
104030503,专门技术用途皮革制品
104030504,鞍具及挽具
104030599,其他相关皮革制品
104030601,鞣制毛皮
104030602,已缝制整张毛皮及其块、片
104030603,天然毛皮制品
104030604,人造毛皮
104030605,人造毛皮制品
104030701,加工填充用羽毛
104030702,加工填充用羽绒
105010101,普通锯材
105010102,特种锯材
105010103,枕木
105010199,其他锯材
105010201,木片、木粒
105010202,木丝、木粉
105010203,锯末、木废料及碎片
105010301,胶合板
105010302,纤维板
105010303,刨花板
105010304,细木工板
105010399,其他人造板
105010401,单板
105010402,强化木
105010403,指接材
105010404,人造板表面装饰板
105010405,热固性树脂装饰层压板
105010501,木制门及其框架和门槛
105010502,木制窗及其木制框架
105010503,木模
105010504,木制地板
105010505,木瓦
105010506,木制盖屋板
105010507,木制梁、椽、屋顶支梁
105010508,木制楼梯
105010509,木制栏杆
105010599,其他建筑用木料及加工木材组件
105010601,木制桶、槽、盆及类似容器
105010602,包装用木容器
105010603,木质保温容器
105010604,木托板、箱形托盘及类似装载木板
105010701,天然软木
105010702,软木制品
105010703,压制软木及其制品
105010801,木制餐具及厨房用具
105010802,木制一次性筷子
105010803,木质框架，相关木制品
105010901,竹制工业、建筑用品
105010902,竹制包装用品
105010903,竹制炊事用具
105010904,竹编结制品，相关竹制品
105011001,棕制品
105011002,藤制品
105011003,柳（荆）条制品
105011004,苇制品
105011005,草制品
105011006,玉米皮制篮筐，类似编结品
105011099,其他棕、藤、草及类似制品
105020101,木质家具
105020102,竹家具
105020103,藤家具
105020104,金属家具
105020105,塑料家具
105020106,软体家具
105020107,玻璃、玻璃纤维增强塑料家具
105020108,石头、陶瓷制家具
105020199,其他家具
105020201,木质家具零配件
105020202,竹家具零配件
105020203,藤家具零配件
105020204,金属家具零配件
105020205,塑料家具零配件
105020206,软体家具零配件
105020207,玻璃家具零配件
105020208,坐具零配件
105020299,其他家具配件
106010101,木浆
106010102,非木材纤维纸浆
106010103,废纸纸浆
106010104,化学溶解浆
106010105,秸秆浆
106010106,再生纸浆
106010199,其他纸浆
106010201,未涂布印刷书写用纸
106010202,涂布类印刷用纸
106010203,卫生用纸原纸
106010204,包装用纸及纸板
106010205,感应纸及纸板
106010206,纤维类过滤纸及纸板
106010299,其他机制纸及纸板
106010301,美纹、穿孔纸及纸板
106010302,转印纸
106010303,油印蜡纸或胶印版纸
106010304,涂布浸渍覆盖纸
106010305,瓦楞纸板
106010399,其他加工纸
106010401,手工纸
106010402,手工纸板
106010501,纸和纸板制容器
106010502,纸制文具及用品
106010503,纸浆模制品
106010504,卫生用纸制品
106010505,纸制壁纸、窗纸、铺地制品及类似品
106010506,纸浆制滤块、滤板及滤片
106010507,纸或纸板制标签
106010508,纸制筒管、卷轴、纡子及类似品
106010509,神纸及类似用品
106010510,纸扇
106010511,箱板纸
106010599,其他纸制品
106020101,有刊号图书、报纸、期刊类印刷品
106020102,无刊号图书、报纸、期刊类印刷品
106020103,广告宣传印刷品
106020104,地图、地图册
106020105,图片、设计图样及照片
106020106,票证
106020107,明信片、卡片、日历、挂历
106020199,其他印刷品
106020201,用于书写本册
106020299,其他本册
106020300,印刷用附件
106020401,录音带复制品
106020402,录像带复制品
106020403,软磁盘复制品
106020499,其他磁介质复制品
106020501,唱片复制品
106020502,光盘复制品
106020503,非音像复制品
106020504,电影胶片拷贝
106020599,其他非磁介质复制品
106030101,基础软件产品
106030102,应用软件产品
106030103,嵌入式软件产品
106030200,电子出版物
106040101,文具盒（袋）
106040102,文件夹
106040103,文件架
106040104,装订类文具
106040105,夹具类文具
106040106,修正液
106040107,橡皮
106040108,浆糊
106040109,胶水
106040110,固体胶
106040111,文印类用品
106040112,画具及类似用品
106040199,其他文具及类似用品
106040201,笔
106040202,笔配件和零件
106040301,教学用模型
106040302,教学用标本
106040303,具有书写或绘画面板类教具
106040304,教学或学生绘图用具、量具及类似器具
106040399,其他教具及类似用具
106040401,普通墨水
106040402,专用墨水
106040501,墨汁
106040502,墨汁类似品
106040601,运动用球
106040602,运动用球类器材及器械
106040603,体育器材及配件
106040604,室内训练健身器材
106040605,室外健身器材
106040606,运动防护用具
106040607,钓鱼用品和器材
106040608,休闲运动器材和用品
106040699,其他体育用品
106040701,中乐器
106040702,西乐器
106040703,电子乐器
106040704,媒诱音响器，相关乐器
106040705,乐器辅助用品及零件
106040801,供儿童乘骑带轮玩具
106040802,填充类玩具
106040803,玩偶及其零配件和装饰品
106040804,仿真模型及其附件
106040805,木制玩具
106040806,塑胶玩具
106040807,玩具乐器
106040808,儿童娱乐塑形用膏、泥
106040899,其他玩具
106040901,电动游乐设备
106040902,非电动游乐设备
106040999,其他游乐场设备
106041001,电子游戏机
106041002,投币式游戏机
106041003,台球器材及配件
106041004,保龄球设备及器材
106041005,沙狐球桌及其配套器材
106041006,桌式足球器材及配件
106041007,飞镖器材及配件
106041008,棋类娱乐用品
106041009,牌类娱乐用品
106041010,专供游戏用家具式桌子
106041099,其他游艺用品及室内游艺器材
106050101,雕刻工艺品
106050102,塑造工艺品
106050199,其他雕塑工艺品
106050201,景泰蓝工艺品
106050202,珐琅珀晶工艺品
106050203,银蓝工艺品
106050204,贵金属摆件
106050205,铜制工艺品
106050206,铁制工艺品
106050207,锡制工艺品
106050208,金属制民间刀剑工艺品
106050209,金属丝编织工艺品
106050210,金属制艺术标牌及类似品
106050211,蒙镶工艺品
106050212,金属制工艺框架类制品
106050299,其他金属工艺品
106050301,镶嵌漆器工艺品
106050302,雕漆漆器工艺品
106050303,脱胎漆器工艺品
106050304,彩绘雕填漆器工艺品
106050305,漆线雕工艺品
106050306,刻灰漆器工艺品
106050307,漆画工艺品
106050308,漆器工艺框架类制品
106050399,其他漆器工艺品
106050401,人造花类工艺品
106050402,画类工艺品
106050501,天然植物纤维编织工艺品
106050502,人造纤维编织工艺品
106050601,刺绣工艺品
106050602,抽纱工艺品
106050603,手工编结工艺品
106050604,手工染织工艺品及机织工艺品
106050605,工艺织锦
106050699,其他抽纱刺绣工艺品
106050701,手工地毯、挂毯
106050702,机制地毯、挂毯
106050801,室内陈设艺术陶瓷制品
106050802,工艺陶瓷制品
106050803,陶瓷壁画
106050804,陶瓷制塑像
106050899,其他陈设艺术陶瓷制品
106050901,金银珠宝首饰
106050902,珠宝玉石
106050999,其他珠宝首饰
106051001,剧装、道具
106051002,发制品及其专用原料
106051003,民间工艺品
106051004,工艺扇
106051005,工艺伞
106051006,灯彩
106051007,料器
106051008,美术人形
106051009,节庆庆典用品及相关娱乐用品
106051099,其他相关工艺美术品
106051101,桑拿浴箱
106051102,排汗活动机
106051103,熏蒸足道机
106051104,养生桑拿蒸汽机
106051105,养生美体美容仪
106051106,养生理疗枕
106051107,养生塑身机
106051108,养生制氧机
106051109,养生水氧吧
106051110,Spa水疗机
106051111,Spa气泡按摩机
106051112,Spa精油温灸仪
106051113,高温竹炭制品
106051199,其他保健休闲用品
106051201,镜子类制品及零配件
106051202,刷子类制品
106051203,已加工刷类制品材料
106051204,清洁清扫类工具及其已加工材料
106051205,伞、手杖、鞭子、马鞭及其零件
106051206,拉链及其零件
106051207,扣类制品及其零件
106051208,打火机及其零件
106051209,烟具
106051210,头发装饰用物品
106051211,香水喷射器、粉扑及粉拍
106051212,礼仪电子用品
106051213,棉胎
106051214,居民用煤制品
106051299,其他日用杂品
106051301,宠物玩具
106051302,宠物服装
106051303,宠物消毒用品
106051304,宠物专用品
107010101,汽油
107010102,煤油
107010103,柴油
107010104,燃料油
107010105,石脑油
107010106,溶剂油
107010107,润滑油
107010108,润滑脂
107010109,润滑油基础油
107010110,液体石蜡
107010111,石油气，相关烃类气石油气
107010112,矿物蜡及合成法制类似产品
107010113,油类残渣
107010199,其他石油制品
107010201,页岩原油
107010202,生物能源
107010203,合成液体燃料
107010301,焦炭
107010302,矿物焦油
107010303,石油焦、碳黑
107020101,无机酸类
107020102,非金属无机氧化物
107020103,过氧化氢（双氧水）
107020104,非金属卤化物及硫化物
107020105,烧碱
107020106,纯碱类
107020107,金属氢氧化物
107020108,金属氧化物
107020109,金属过氧化物、超氧化物
107020110,金属硫化物及硫酸盐
107020111,金属硝酸盐、亚硝酸盐
107020112,金属氧化物酸盐、金属过氧化物酸盐
107020113,磷化物、金属磷酸盐
107020114,氟化物及其盐
107020115,氯化物及其盐
107020116,氯氧化物及氢氧基氯化物
107020117,溴化物及其盐
107020118,碘化物及其盐
107020119,氰化物、氧氰化物及氰络合物
107020120,硅化物及硅酸盐
107020121,硼化物、硼酸盐和过硼酸盐
107020122,碳化物及碳酸盐
107020123,氧化铁
107020124,铝酸钠
107020125,铝酸三钙
107020201,无环烃
107020202,环烃
107020203,无环烃饱和氯化衍生物
107020204,无环烃不饱和氯化衍生物
107020205,无环烃氟化、溴化或碘化衍生物
107020206,含不同卤素无环烃卤化衍生物
107020207,芳香烃卤化衍生物
107020208,烃磺化、硝化或亚硝化衍生物
107020209,无环醇及其衍生物
107020210,环醇
107020211,酚
107020212,酚及酚醇衍生物
107020213,羧酸及其衍生物
107020214,氨基化合物
107020215,含氮基化合物
107020216,醚
107020217,醚醇
107020218,醚酚及醚醇酚
107020219,过氧化醇、过氧化醚及过氧化酮
107020220,醛
107020221,醛醇
107020222,醛醚、醛酚及含有相关含氧基醛
107020223,环聚醛
107020224,多聚甲醛
107020225,酮
107020226,酮醇、酮醛及酮酚
107020227,醌基化合物
107020228,无机酸酯及其盐
107020229,亚磷酸酯
107020230,亚硝酸酯及硝酸酯
107020231,碳酸酯、过碳酸酯及其盐
107020232,硅酸酯及其盐
107020233,镍钴锰氢氧化物
107020234,镍钴锰酸锂
107020235,硫酸铵
107020236,氯化钴
107020237,活性硅酸钙
107020238,环氧环己烷
107020239,正戊醇
107020240,二甲醚
107020301,活性炭、硫磺、磷
107020302,非金属基础化学品
107020303,贵金属化合物
107020304,稀土化合物
107020305,氢化物、氮化物、叠氮化物
107020306,气体及稀有气体
107020307,有机－无机化合物
107020401,氨及氨水
107020402,氮肥
107020403,磷肥
107020404,钾肥
107020405,中量元素肥料
107020406,微量元素肥料
107020407,复合肥、复混合肥
107020501,有机肥料
107020502,微生物肥料
107020503,动物、植物肥料
107020601,化学农药原药
107020602,化学农药制剂
107020701,生物农药制剂
107020702,微生物农药
107020801,VOC含量低于420克/升（含）的涂料
107020802,VOC含量高于420克/升的涂料
107020901,油墨
107020902,印刷用助剂和油
107021001,无机颜料
107021002,有机颜料
107021003,矿物颜料
107021004,植物性着色料
107021005,工业用调制颜料、遮光剂和着色剂及类似颜料
107021006,艺术、美工用颜料、调色料
107021007,美工塑型用膏
107021101,染料
107021102,用作发光体有机、无机产品
107021201,非定型密封材料
107021202,定形密封材料
107021203,密封用粘胶品
107021301,初级形态塑料
107021302,合成橡胶
107021303,合成纤维单体
107021304,合成纤维聚合物
107021305,离子交换树脂
107021306,油脂类高分子聚合物
107021307,调制粘合剂
107021308,功能高分子材料
107021399,其他橡胶
107021401,化学试剂
107021402,催化剂
107021403,橡胶助剂
107021404,塑料助剂
107021405,农药乳化剂
107021406,纺织工业用整理剂、助剂
107021407,造纸工业用整理剂、助剂
107021408,制革工业用整理剂、助剂
107021409,润滑剂及类似制品
107021410,钻井用助剂
107021411,建工建材用化学助剂
107021412,生物化学制剂
107021413,炭黑
107021414,增炭剂
107021415,脱硫剂
107021416,石墨增碳剂
107021501,油田用化学制剂
107021502,矿物油用配制添加剂
107021503,鞣料及鞣料制剂
107021504,酶及酶制品
107021505,化学陶瓷
107021506,特种纤维及高功能化工产品
107021507,金属表面处理剂
107021508,工业用脂肪醇
107021509,工业用脂肪酸
107021510,工业用脂肪胺
107021511,工业级混合油
107021512,脂肪酸甲酯
107021599,其他专项化学用品
107021601,松节油类产品
107021602,松香类产品
107021603,栲胶
107021604,樟脑
107021605,冰片（龙脑）
107021606,五倍子单宁产品
107021607,紫胶类产品
107021608,木材热解、水解产品
107021609,竹材热解产品
107021610,林产色素（紫胶红色素）
107021611,林产蜡（虫白蜡）
107021612,桃胶粉
107021613,糠醛
107021614,阿拉伯糖
107021615,木质素
107021616,纤维素
107021699,其他林产化学产品
107021701,发射药
107021702,炸药
107021703,火工产品
107021704,爆破器材
107021705,烟火制品
107021706,焰火制品
107021801,感光胶片
107021802,摄影感光纸、纸板及纺织物
107021803,片基
107021804,摄影、复印用化学制剂
107021805,空白磁带
107021806,空白磁盘
107021807,空盘
107021808,未灌（录）制相关媒体
107021809,电子半导体材料
107021899,其他信息化学品
107021901,水处理剂
107021902,污水处理化学药剂
107021903,污水处理生物药剂
107021904,污水处理材料
107021905,空气污染治理材料
107022001,动物炭黑
107022002,动物胶
107022003,明胶衍生物
107022101,金属材料制焊料
107022102,焊接辅助剂
107022201,肥（香）皂
107022202,合成洗涤剂
107022203,表面活性剂
107022301,清洁类化妆品
107022302,护肤用化妆品
107022303,护发用化妆品
107022304,美容、修饰类化妆品
107022305,高档护肤类化妆品
107022306,高档美容、修饰类化妆品
107022401,牙膏、漱口液
107022499,其他口腔清洁护理用品
107022500,香料
107022601,食品用香精
107022602,酒用香精
107022603,烟用香精
107022604,日用香精
107022605,饲料用香精
107022699,其他工业用香精
107029901,室内散香或除臭制品
107029902,光洁用品
107029903,擦洗膏、去污粉及类似制品
107029904,动物用化妆盥洗品
107029905,火柴
107029906,蜡烛及类似品
107029999,其他未列明化学制品
107030101,抗菌素（抗感染药）
107030102,消化系统用药
107030103,解热镇痛药
107030104,维生素类
107030105,抗寄生虫病药
107030106,中枢神经系统用药
107030107,计划生育用药
107030108,激素类药
107030109,抗肿瘤药
107030110,心血管系统用药
107030111,呼吸系统用药
107030112,泌尿系统用药
107030113,血液系统用药
107030114,诊断用原药
107030115,调解水、电解质、酸碱平衡药
107030116,麻醉用药
107030117,抗组织胺类药及解毒药
107030118,生化药（酶及辅酶）
107030119,消毒防腐及创伤外科用药
107030120,制剂用辅料及附加剂
107030201,冻干粉针剂
107030202,粉针剂
107030203,注射液
107030204,输液
107030205,片剂
107030206,胶囊剂
107030207,颗粒剂
107030208,缓释控释片
107030209,滴剂
107030210,膏霜剂
107030211,栓剂
107030212,气雾剂
107030213,口服液体制剂
107030214,外用液体制剂
107030215,避孕药物用具
107030216,抗艾滋病病毒药品
107030301,植物类饮片
107030302,动物类饮片
107030303,矿物类饮片
107030399,其他中药饮片
107030401,中成药丸剂
107030402,中成药冲剂
107030403,中成药糖浆
107030404,中成药片剂
107030405,中成药注射剂
107030406,膏药
107030407,中成药口服液
107030408,中成药胶囊
107030409,中成药散剂
107030410,中成药栓剂
107030411,药酒
107030412,清凉油
107030499,其他中成药
107030501,兽用化学药品
107030502,兽用中草药
107030503,兽用疫苗
107030601,酶类生化制剂
107030602,氨基酸及蛋白质类药
107030603,脂肪类药制剂
107030604,核酸类药制剂
107030699,其他生物化学药品
107030701,菌苗
107030702,菌苗制剂
107030703,人用疫苗
107030704,类毒素
107030705,抗毒素类
107030706,抗血清类
107030707,血液制品
107030708,细胞因子
107030709,诊断用生物制品
107030710,生物制剂
107030801,卫生材料及敷料
107030802,牙科粘固剂、牙科填料
107030803,牙科用造型膏及类似制品
107030804,病人医用试剂
107030805,非病人用诊断检验、实验用试剂
107040101,化纤棉绒浆粕
107040102,化纤木浆粕
107040103,化纤用再生聚酯专用料
107040199,其他化学纤维用浆粕
107040201,人造纤维短纤维
107040202,人造纤维长丝
107040301,锦纶纤维
107040302,涤纶纤维
107040303,腈纶纤维
107040304,维纶纤维
107040305,丙纶纤维
107040306,氯纶纤维
107040307,氨纶纤维
107040308,腈氯纶纤维
107040309,PBT纤维
107040399,其他合成纤维
107040401,人造纤维长丝纱
107040402,锦纶加工丝
107040403,涤纶加工丝
107040404,维纶纤维加工丝
107040405,丙纶纤维加工丝
107040499,其他化学纤维加工丝
107050101,橡胶轮胎外胎
107050102,子午线轮胎外胎
107050103,橡胶内胎
107050104,橡胶实心或半实心轮胎
107050105,力车胎
107050106,翻新橡胶轮胎
107050200,橡胶带、管
107050300,橡胶板、杆、型材
107050401,涂胶纺织物
107050402,橡胶粘带
107050499,其他涂胶纺织物、带
107050501,未硫化复合橡胶
107050502,未硫化橡胶制品
107050601,橡胶密封件
107050602,橡胶零附件
107050701,初级形状再生橡胶
107050702,再生胶粉
107050801,橡胶手套
107050802,橡胶制衣着用品及附件
107050803,日用橡胶制品
107050804,医疗、卫生用橡胶制品
107050901,充气橡胶制品
107050902,橡胶减震制品
107051001,硬质橡胶
107051002,硬质橡胶制品
107059900,其他橡胶制品
107060101,塑料薄膜
107060102,塑料板、片
107060103,塑料管
107060104,塑料管附件
107060105,塑料条、棒、型材
107060106,塑料丝、绳、袋及编织品
107060107,泡沫塑料
107060108,塑料人造革、合成革
107060109,塑料包装箱及容器
107060110,塑料零件
107060111,建筑用塑料制品
107060112,日用塑料制品
107060113,降解塑料制品
107060114,再生塑料制品
107060115,塑木（木塑）制品
107060199,其他塑料制品
107060201,塑料粒料
107060299,其他塑料半成品、辅料
107060301,建筑用纤维增强塑料制品
107060302,石化、酿造用纤维增强塑料制品
107060303,机械设备用纤维增强塑料制品
107060304,装饰用纤维增强塑料制品
107060305,交通运输用纤维增强塑料制品
107060306,能源、电力用纤维增强塑料制品
107060307,航空航天用纤维增强塑料制品
107060399,其他纤维增强塑料制品
108010101,硅酸盐水泥熟料
108010102,水泥
108010201,石灰
108010202,熟石膏
108010301,商品混凝土
108010302,水泥混凝土排水管
108010303,水泥混凝土压力管
108010304,钢筋混凝土井管、烟道管，相关钢筋混凝土管
108010305,水泥混凝土电杆
108010306,预应力混凝土桩
108010307,混凝土轨枕及铁道用混凝土制品
108010308,水泥混凝土预制构件
108010309,水泥混凝土制砖、瓦及类似品
108010310,纤维增强水泥制品
108010399,其他水泥混凝土制品
108010401,石膏板
108010402,石膏龙骨，相关石膏制品
108010403,轻质隔墙条板
108010404,轻骨料，相关轻质建筑材料
108010501,砖
108010502,瓦
108010503,建筑砌块
108010601,陶瓷砖
108010602,陶瓷马赛克
108010603,建筑陶瓷装饰物
108010699,其他建筑陶瓷制品
108010701,加工天然石材、石料
108010702,人造石材、石料
108010703,天然石材制成品
108010704,人造石材制成品
108010705,水磨石建筑制成品
108010706,PVC石英砂地板砖
108010799,其他石制品
108010801,沥青和改性沥青防水卷材
108010802,自粘防水卷材
108010803,玻纤胎沥青瓦
108010804,高分子防水卷（片）材
108010899,其他建筑防水卷材及制品
108010901,矿物绝热和吸声材料
108010902,矿物材料制品
108011001,平板玻璃
108011002,特种玻璃
108011003,玻璃陶瓷型材
108011004,玻璃熟料
108011101,光学元件毛坯
108011102,眼镜用光学玻璃坯件
108011103,光学仪器用玻璃
108011199,其他玻璃制光学元件
108011201,玻璃计、量器
108011202,石英玻璃制仪器和器皿
108011203,耐热玻璃制仪器和器皿
108011299,其他玻璃仪器及实验、医疗用玻璃器皿
108011300,玻璃包装容器
108011401,餐饮用玻璃器皿
108011402,盥洗用玻璃器具
108011403,室内及室内装饰用玻璃器具
108011499,其他日用玻璃制品
108011501,玻璃保温容器
108011502,玻璃保温瓶胆
108011600,玻璃纤维及其制品
108011700,玻璃制绝缘子
108011800,未封口玻璃外壳
108011900,工业品用其他玻璃部件
108012001,结构陶瓷制品
108012002,功能陶瓷制品
108012003,生物陶瓷制品
108012004,陶瓷管及管子配件
108012005,瓷绝缘子
108012006,耐火陶瓷制品
108012099,其他技术陶瓷制品
108012101,日用陶瓷餐具
108012102,厨房用陶瓷器具
108012103,盥洗用陶瓷器具
108012104,卫生陶瓷制品
108012105,园林艺术陶瓷制品
108012199,其他日用陶瓷制品
108012201,耐酸陶瓷容器
108012202,食品用陶瓷容器
108012203,药品或化妆品陶瓷容器
108012299,其他运输及盛装货物用陶瓷容器
108012300,其他陶瓷制品
108012401,已加工石棉纤维
108012402,石棉制品
108012501,已加工云母
108012502,云母制品
108012600,耐火材料制品
108012701,石墨制品
108012702,炭制品
108012703,炭素新材料
108012799,其他炭素产品
108012801,固结磨具
108012802,天然石制磨具
108012803,涂附磨具
108012804,超硬材料制品
108012901,天然研磨料
108012902,普通磨料
108012903,超硬材料
108013001,沥青混合物
108013002,泥炭制品
108019901,以废渣生产非金属矿物制品
108020100,生铁
108020200,还原铁
108020300,球墨铸铁
108020401,铸铁管
108020402,铸铁直管
108020403,铸铁空心异型管
108020404,铸铁管附件
108020500,粗钢
108020600,轧制、锻造钢坯
108020701,铁道用钢材
108020702,大型型钢
108020703,中小型型钢
108020704,棒材
108020705,钢筋
108020706,线材（盘条）
108020707,钢板
108020708,热轧薄板
108020709,冷轧薄板
108020710,钢带
108020711,板带
108020712,无缝钢管
108020713,焊接钢管
108020799,其他钢材
108020800,铁合金
108020900,废旧物资冶炼、提纯金属及合金
108030100,铜
108030201,铅
108030202,锌
108030300,镍
108030400,锡
108030500,锑
108030601,氧化铝
108030602,原铝（电解铝）
108030603,再生铝
108030700,镁
108030800,钛
108030900,汞及汞化合物
108031001,镉
108031002,铋
108031003,钴
108031099,其他常用有色金属
108031101,黄金
108031102,白银（银锭）
108031103,铂
108031104,钯
108031105,铑
108031106,铱
108031107,锇
108031108,钌
108031199,其他贵金属
108031201,稀有金属
108031202,单一稀土金属
108031203,混合稀土金属
108031299,其他稀土金属
108031301,碱金属
108031302,碱土金属
108031399,其他碱金属及碱土金属
108031401,常用有色金属合金
108031402,硬质合金
108031403,稀有稀土金属合金
108031404,贵金属合金
108031501,铜材
108031502,铜盘条（电工用铜线坯）
108031503,铜粉及片状粉末
108031601,铝材
108031602,铝盘条（电工用圆铝杆）
108031603,铝粉及铝片状粉末
108031701,铅材
108031702,铅粉及铅片状粉末
108031801,锌材
108031802,锌末、锌粉及锌片状粉末
108031901,镍材
108031902,镍粉及镍片状粉末
108032001,锡材
108032002,锡粉及锡片状粉末
108032101,镁材
108032102,钛材
108032103,镉材
108032104,锑材
108032105,铋材
108032201,金加工材
108032202,银材
108032203,铂加工材
108032204,钯材
108032205,铑加工材
108032206,铱加工材
108032207,锇加工材
108032208,钌加工材
108032299,其他贵金属压延加工材
108032301,包金金属材料
108032302,包银金属材料
108032303,包铂金属材料
108032401,钨加工材
108032402,钼加工材
108032403,钽加工材
108032404,锆加工材
108032405,铌加工材
108032406,镓加工材
108032407,铪加工材
108032408,铟加工材
108032409,铼加工材
108032410,钴加工材
108032411,铍加工材
108032412,铊加工材
108032413,锗加工材
108032414,钒加工材
108032499,其他稀有稀土金属压延加工材
108032500,废弃物资冶炼、提纯有色金属及合金
108040101,钢结构及其产品
108040102,锌制建筑结构体及其部件
108040103,金属结构预制建筑物（活动房屋）
108040201,金属制门及其框架、门槛
108040202,金属制窗及窗框
108040203,金属护栏及类似品
108040301,金属切削机床用切削刀具
108040302,工具系统
108040303,机器用刀具及刀片
108040399,其他金属切削工具
108040401,手工锯
108040402,锉及类似工具
108040403,钳子
108040404,手动扳手及扳钳
108040405,锤子
108040406,螺丝刀
108040407,钻孔或攻丝工具
108040408,切管器及类似手工工具
108040409,白铁剪及类似工具
108040410,打孔冲及类似手工工具
108040411,通用手工具可互换部件
108040412,专用手工具
108040501,农林牧通用金属手工具
108040502,林业、园艺专用工具
108040503,畜牧专用手工具
108040599,其他农林、畜牧用金属工具
108040600,专用刀具及类似器具
108040701,剪刀及类似品
108040702,日常用刀及类似制品
108040703,理发用手工具
108040704,修饰用手工具
108040799,其他刀剪及类似日用金属工具
108040800,喷灯、台钳，相关金属手工具
108040900,集装箱
108041000,金属容器
108041101,铁丝
108041102,钢丝
108041103,铜丝
108041104,铝丝
108041105,铅丝
108041106,锌丝
108041107,镍丝
108041108,锡丝
108041109,钛丝
108041110,镁丝
108041111,金丝
108041112,银丝
108041113,钨丝
108041114,钼丝
108041115,铂丝
108041116,钯丝
108041117,铑丝
108041118,铱丝
108041119,钌丝
108041199,其他金属丝
108041201,钢铁制绳、缆、带
108041202,铜丝绞线、缆、编带
108041203,铝制绞股线、缆、编带
108041204,铅绞线、束或绳
108041299,其他金属制绳、缆
108041301,钢铁丝制品
108041302,铜丝制品
108041303,铝丝制品
108041304,镍丝制品
108041305,锌丝制品
108041399,其他金属丝绳制品
108041401,钢铁制紧固件
108041402,铜制紧固件
108041403,铝制紧固件
108041404,其他金属紧固件
108041405,金属钉
108041501,钢铁制弹簧
108041502,铜弹簧
108041600,锁及其附件
108041700,家具、建筑用金属附件及架座；金属制建筑装饰及其零件
108041801,供暖用散热器（暖气片）
108041802,暖气分布器及零件
108041899,其他散热器及其零件
108041901,保险箱、柜、库门及钱箱
108041902,文件、档案柜
108041903,金属制安全帽
108041999,其他安全、消防用金属制品
108042000,搪瓷制品
108042100,金属制卫生器具
108042200,金属制烹饪炊具
108042300,金属制餐具
108042400,金属制日用杂品
108042500,铸币及贵金属制实验室用品
108042600,金属焊接材料
108042700,金属链条及零件
108049900,其他金属制品
108050000,核燃料
109010101,锅炉、辅助设备、零件
109010102,核反应堆及其零件
109010201,汽车用发动机
109010202,航空器用发动机
109010203,船舶用发动机
109010204,摩托车用发动机
109010205,农用柴油机
109010206,发动机零部件
109010299,其他发动机
109010301,汽轮机
109010302,燃气轮机
109010303,水轮机
109010304,汽轮机、燃气轮机、水轮机零件
109010401,潮汐能源原动机
109010402,风力提水机组
109010403,风力发动机（风车）
109010404,太阳能源原动机
109010499,其他非电力相关原动机
109010501,组合机床
109010502,特种加工机床
109010503,车床
109010504,钻床
109010505,镗床
109010506,铣床
109010507,螺纹加工机床
109010508,磨床
109010509,刨床
109010510,插床
109010511,拉床
109010512,齿轮加工机床
109010513,锯床
109010514,直线移动式动力头机床
109010599,其他金属切削机床
109010601,锻造机及冲压机
109010602,金属加工压力机
109010603,弯曲、折叠、矫直或矫平机床
109010604,剪切机床
109010605,冲床
109010606,冲孔机床
109010607,开槽机床
109010699,其他金属成形机床
109010701,砂轮机
109010702,抛光机床
109010703,台钻
109010704,切断机
109010705,金属拉拔机
109010706,金属丝加工机
109010707,旋锻机
109010708,软管加工机
109010799,其他金属非切削、成形加工机械
109010801,加工中心
109010802,数控金属切削机床
109010803,数控金属成形机床（数控锻压设备）
109010804,机床数控系统
109010900,机床附件及辅助装置
109011001,电焊机
109011002,气体焊接机械
109011003,钎焊机械
109011004,焊接设备用零件
109011101,起重滑车
109011102,手动葫芦
109011103,电动葫芦
109011104,卷扬机及绞盘
109011105,千斤顶
109011106,汽车举升机
109011107,单轨（猫头）小车
109011108,其他轻小型起重设备
109011109,轻小型起重设备配套件
109011201,桥式起重机
109011202,门式起重机（龙门起重机）
109011203,装卸桥
109011204,缆索起重机
109011205,门座起重机
109011206,塔式起重机
109011207,流动式起重机
109011208,桅杆起重机及甲板起重机
109011209,悬臂起重机
109011210,移动式吊运架
109011211,铁路起重机
109011212,浮式起重机
109011213,其他起重机
109011214,起重机专用配套件
109011301,电动（起升）车辆
109011302,内燃叉车
109011303,越野叉车
109011304,其他工业车辆
109011305,工业车辆专用配套件
109011401,输送机械（输送机和提升机）
109011402,装卸机械
109011403,给料机械
109011499,其他连续搬运设备
109011501,电梯
109011502,自动扶梯等连续运载乘客输送机
109011503,升降机
109011504,电梯自动扶梯及升降机专用配套件
109011601,立体（高架）仓库存储系统
109011602,仓储货物堆放架
109011603,灌装码垛系统搬运设备
109011604,机械式停车设备
109011605,机场专用搬运机械
109011606,搬运机械及装置
109011607,其他相关物料搬运设备
109011608,立体仓储及物料搬运设备专用配套件
109011701,泵
109011702,农用水泵
109011703,液体提升机
109011704,泵、液体提升机零件
109011800,气体压缩机
109011901,阀门
109011902,龙头
109011903,阀门、龙头零件
109012001,液压元件
109012002,液压系统及装置
109012003,液压辅件
109012004,液力机械及装置
109012101,气动元件
109012102,气动系统及机械
109012103,气动电磁线圈、气动管件系列
109012199,其他气动装置
109012201,真空镀膜设备
109012202,真空浸渍设备
109012203,真空干燥设备
109012204,真空炉
109012299,其他真空应用设备
109012301,滚动轴承
109012302,滑动轴承
109012303,轴承零配件
109012401,齿轮传动轴
109012402,齿轮
109012403,齿轮传动装置（齿轮箱）
109012404,滚珠、滚子螺杆及传动装置
109012405,飞轮及滑轮
109012406,离合器
109012407,联轴器
109012408,齿轮、传动和驱动部件零件
109012500,密封垫及类似接合衬垫
109012601,炉用燃烧器
109012602,机械加煤机
109012603,工业电炉
109012604,非电热金属处理用炉
109012605,其他电炉
109012606,窑炉
109012607,熔炉
109012608,窑炉、熔炉及电炉用零件
109012701,风机
109012702,工业风扇
109012703,工业用通风罩、循环气罩
109012704,风机、工业风扇用零件
109012801,气体发生器
109012802,制氮设备
109012803,制氢设备
109012804,制氧设备
109012805,稀有气体提取设备
109012806,气体纯化设备
109012807,气体液化设备
109012899,其他气体分离及液化设备
109012901,蒸馏或精馏设备
109012902,发酵、提取设备
109012903,浓缩设备
109012904,干燥、分散、混合设备及类似设备
109012905,热交换装置
109012906,加热设备
109012907,冷却设备
109012999,其他利用温度变化加工机械
109013001,液体过滤、净化机械
109013002,气体过滤、净化机械及装置
109013003,发动机燃油、进气过滤器
109013004,离心机
109013005,离心、过滤、净化机设备及其零件
109013101,工商用制冷设备
109013102,工商用冷藏、冷冻柜
109013103,中央空调冷水/热泵机组
109013104,工商用空调设备
109013105,工商用制冷、空调设备零部件
109013201,风动手提工具
109013202,电动手提式工具
109013203,风动和电动工具零件
109013301,喷枪
109013302,喷涂机
109013303,喷射机械
109013304,喷水器、喷雾器
109013305,喷枪及类似器具零件
109013401,包装容器洗涤及干燥机械
109013402,灌装、装填容器用机械
109013403,容器装封、贴标签及包封机
109013404,包装专用设备零件
109013501,工业用衡器
109013502,商业用衡器
109013503,称重系统
109013504,家用秤
109013505,衡器零配件
109013599,其他衡器（秤）
109013601,铸铁件
109013602,铸钢件
109013603,铜铸件
109013604,铝铸件
109013605,锌铸件
109013606,镁铸件
109013699,其他金属铸件
109013701,锻件
109013702,冲压件、钣金件
109013703,粉末冶金零件
109019900,其他通用设备和零件
109020101,建井设备
109020102,采掘、凿岩设备
109020103,矿山提升设备
109020104,矿物破碎机械
109020105,矿物粉磨机械
109020106,矿物筛分、洗选设备
109020107,矿山用牵引车及其矿车
109020108,矿山设备专用配套件
109020199,其他矿山专用设备
109020201,石油钻井设备
109020202,采油设备
109020203,修井设备
109020204,固井压裂设备
109020205,原油稳定站专用设备
109020206,石油专用工程车辆设备
109020207,石油测井仪器设备
109020208,石油钻井工具
109020209,石油钻探、开采专用设备零件
109020301,挖掘、铲土运输机械
109020302,压实机械
109020303,捣固机（车）
109020304,工程钻机
109020305,桩工机械
109020306,公共工程用机械
109020307,建筑工程用货运自卸车
109020308,混凝土机械
109020309,建筑工程用机械零件
109020401,水泥专用设备
109020402,建筑材料专用窑炉
109020403,平板玻璃制造及深加工机械
109020404,玻璃纤维加工机械
109020405,建筑卫生陶瓷机械
109020406,复合材料成型设备
109020407,非金属矿物混合搅拌机械
109020408,建筑材料制品成型机械
109020409,矿石烘干机
109020410,石材加工机床
109020411,建筑材料及制品专用机械零件
109020501,玻璃制品制造机械
109020502,玻璃材料加工机床
109020503,日用陶瓷制品成型机械
109020504,玻璃、陶瓷制品专用设备零件
109020601,金属冶炼设备
109020602,铸造机械
109020603,金属轧制设备
109020604,冶金专用有轨车辆
109020605,冶金专用设备配套件
109020699,其他冶金专用设备
109020701,塔类设备
109020702,反应器（釜）
109020703,化工专用炉
109020704,混合搅拌设备
109020705,化工用液体运送机械
109020801,橡胶前加工机械
109020802,橡胶初加工机械
109020803,炼胶机械
109020804,橡胶挤出机
109020805,橡胶压延机械
109020806,橡胶注射机
109020807,橡胶成型压力机
109020808,橡胶硫化设备
109020809,再生橡胶设备
109020810,裁切橡胶专用机械
109020811,橡胶制品卷绕、包覆机械
109020812,橡胶干燥、去水、刺孔机械
109020813,橡胶制品加工机械
109020814,橡胶专用生产设备零件
109020901,注塑机
109020902,挤塑机
109020903,吹塑机
109020904,塑料成型机械
109020905,塑料破碎、研磨、筛选、均化机械
109020906,塑料二次加工机械
109020907,塑料加工辅助机械或装置
109020908,连续混炼挤出造粒机
109020909,塑料加工专用设备零件
109021001,木工机床
109021002,木质板材挤压加工机械
109021003,木材处理及制品加工机械
109021004,木材加工机械用零件、附件
109021101,金属铸造用型箱、型模底板
109021102,金属、硬质合金用模具
109021103,玻璃制品用模具
109021104,矿物材料用模具
109021105,塑料用模具
109021106,橡胶用模具
109021107,模架、模具标准件
109021199,其他模具
109021200,硬质材料加工机床及其零件
109021300,非金属相关成型、加工机械
109021401,烹煮、调制、腌制食品设备
109021402,食品用烤炉及烘箱
109021403,糕点、米面食品类加工专用机械
109021404,糖果生产专用机械
109021405,可可及巧克力生产专用机械
109021406,调味食品加工机械
109021499,其他食品制造机械
109021501,乳品分离、搅拌加工机械
109021502,乳品加热及冷却设备
109021599,其他乳品加工机械
109021601,原料压榨、轧碎机械
109021602,酿酒设备
109021603,制酒、饮料加热及冷却设备
109021604,醋化机械设备（制醋用）
109021699,其他酒及饮料加工机械
109021701,烟草加工机械
109021702,采盐及盐加工机械
109021801,制糖机械
109021802,屠宰及肉制品加工机械
109021803,油脂加工机械
109021804,水果、坚果或蔬菜加工机械
109021805,薯类加工机械
109021806,食用菌生产机械
109021807,养蚕机械
109021808,淀粉加工机械
109021809,水产品加工机械
109021901,饲料粉碎机（饲料专用设备）
109021902,配制、加工饲料用机械
109022001,食品生产设备零件
109022002,乳品加工机械零件
109022003,酒及饮料加工机械零件
109022004,烟草加工及制作机械零件
109022005,谷物磨粉工业用机械零件
109022099,其他食品加工专用设备零件
109022101,制浆设备
109022102,造纸机
109022103,纸或纸板整理机械
109022104,纸制品生产专用机械
109022105,纸浆、造纸及纸制品机械零件
109022201,印前设备
109022202,印刷机设备
109022203,装订机械
109022204,印刷包装机械
109022205,印刷用辅助机械
109022206,印刷、装订机械零件
109022301,光盘复制生产设备
109022302,录音带、录像带复制生产设备
109022303,软磁盘复制生产设备
109022304,感光胶片生产设备
109022305,感光纸及类似品生产设备
109022306,摄影、复印化学制剂生产设备
109022399,其他信息化学品生产设备
109022401,化学药原料药生产设备
109022402,饮片生产机械
109022403,制药专用粉碎机械
109022404,药品专用包装机械
109022405,制剂生产设备
109022406,药物检测设备及仪器
109022407,脏器生化制药机械
109022501,玻壳加工机械
109022502,灯丝、灯头玻璃零件加工机械
109022503,灯泡及类似品封装机
109022504,灯泡及类似品封装机零件
109022601,合成洗涤剂专用设备
109022602,肥皂成型专用设备
109022603,牙膏、化妆品、香精、香料专用设备
109022604,火柴专用生产设备
109022699,其他日用化工专用设备
109022701,搪瓷制品生产设备
109022702,文教体育用品专用机械
109022703,日用杂品生产专用设备
109022801,化学纺织纤维加工专用机械
109022802,棉纺前纺设备
109022803,毛、麻预处理机械
109022804,丝、绢预处理机械
109022805,纺织纤维梳理机
109022806,精梳机械
109022807,成条、针梳机
109022808,粗纱机
109022809,细纱机
109022810,纺织纱线处理机械
109022811,织造准备设备
109022812,织机
109022813,针织机械
109022814,非织造机械
109022815,纺织废料回用、处理设备
109022816,印染机械
109022817,织造辅助机械及装置
109022818,纺织机械及其辅助机械零件、附件
109022901,生皮处理机械
109022902,皮革鞣制加工机械
109022903,皮革制品制作机械
109022904,毛皮及其制品制作及修理机械
109022905,生皮、皮革处理、鞣制及加工机械零件
109023001,缝纫机及其零件
109023002,服装裁剪定型设备
109023003,羽绒加工设备
109023004,制帽机械
109023101,电机、变压器专用生产机械
109023102,电线、电缆专用生产机械
109023103,电器绝缘材料设备
109023104,电池生产专用设备
109023199,其他电工机械专用设备
109023201,半导体材料、器件及集成电路生产设备
109023202,制版设备
109023203,掩模修补设备
109023204,芯片制造设备
109023205,封装测试设备
109023206,检测设备
109023207,电子元件及机电组件生产设备
109023208,电子真空器件生产设备
109023209,平板显示器件（FPD）生产设备
109023210,净化设备及类似设备
109023211,环境模拟和可靠性设备
109023212,电子整机装联设备
109023299,其他电子工业专用设备
109023301,金属表面处理机械
109023302,电解设备及装置
109023303,电镀设备及装置
109023399,其他金属处理机械
109023400,航空、航天设备，相关专用设备
109023501,拖拉机
109023502,特种结构拖拉机
109023503,农林用自装或自卸式挂车
109023601,土壤耕整机械
109023602,种植施肥机械
109023603,田间管理机械
109023604,收获机械
109023605,收获后处理机械
109023606,设施农业设备
109023607,农田基本建设机械
109023608,喷灌机械设备
109023609,园艺、草坪专用机械
109023701,林地清理机械
109023702,造林机械
109023703,营林机械
109023704,风力灭火机具
109023705,竹木采集机械
109023706,木材运输机械
109023707,木生产专用工具
109023801,草原建设机械
109023802,饲料（草）加工机械设备
109023803,畜牧饲养机械
109023804,畜产品采集加工机械设备
109023805,养蜂设备
109023899,其他畜牧机械
109023901,渔业养殖机械
109023902,捕捞机械
109023903,鱼货起卸设备
109023904,渔业织网机械
109023905,网片处理机械
109023999,其他渔业捕捞养殖机械
109024001,碾米机
109024002,磨粉（浆）机械
109024003,茶叶加工机械
109024004,纺织纤维初加工机械
109024005,农产品清洁、分选机械
109024006,农用包装机械
109024007,竹、藤、棕、草材料制品加工机械
109024099,其他农产品初加工机械
109024100,农林牧渔机械零配件
109024201,医用X射线设备
109024202,X射线附属设备及部件
109024203,医用α、β、γ射线应用设备
109024204,医用超声诊断、治疗仪器及设备
109024205,医用电气诊断仪器及装置
109024206,医用激光诊断、治疗仪器及设备
109024207,医用高频仪器设备
109024208,微波、射频、高频诊断治疗设备
109024209,中医诊断、治疗仪器设备
109024210,病人监护设备及器具
109024211,临床检验分析仪器及诊断系统
109024212,医用电泳仪
109024213,医用化验和基础设备器具
109024301,牙钻机
109024302,口腔综合治疗设备
109024303,牙钻机配件
109024304,牙科手机
109024305,洁牙、补牙设备
109024306,口腔综合治疗设备配件
109024307,口腔科手术器械
109024308,口腔治疗用器械
109024401,热力消毒设备及器具
109024402,气体消毒灭菌设备
109024403,特种消毒灭菌设备
109024404,医用消毒灭菌器具
109024501,诊断专用器械
109024502,内窥镜
109024503,注射穿刺器械
109024504,眼科专用仪器及器具
109024505,兽医专用仪器及机械
109024506,外科手术器械
109024507,手术室、急救室、诊疗室设备及器具
109024508,中医治疗器具
109024599,其他医疗、外科及兽医用器械
109024601,机械治疗器具
109024602,电疗仪器
109024603,光谱辐射治疗仪器
109024604,透热疗法设备
109024605,磁疗设备
109024606,离子电渗治疗设备
109024607,眼科康复治疗仪器
109024608,水疗仪器
109024609,低温治疗仪器
109024610,医用刺激器
109024611,体外循环设备
109024612,婴儿保育设备
109024613,医院制气供气设备及装置
109024614,呼吸器具
109024615,防毒面具
109024616,医用低温设备
109024701,矫形器具
109024702,穿戴或植入式人造人体器官
109024703,助听器
109024704,心脏起搏器
109024705,植入人体支夹（器）
109024706,有创医用传感器（植入体内）
109024799,其他假肢、人工器官及植（介）入器械
109024801,手术台床
109024802,病床及相关医用家具
109024803,医用家具零件
109024901,大气污染防治设备
109024902,水质污染防治设备
109024903,固体废弃物处理设备
109024904,噪音与振动控制设备
109024905,放射性污染防治和处理设备
109025001,地质钻探机
109025002,实验室选矿制样设备
109025003,专用勘探设备
109025099,其他地质勘查专用设备
109025101,邮资机
109025102,邮政分拣机
109025103,信件处理机械
109025104,邮政计费、缴费设备
109025105,邮政专用器材
109025201,自动售货机、售票机
109025202,餐饮服务用机械
109025203,理发用椅
109025204,自动擦鞋器
109025205,洗衣店用洗衣机械
109025206,焚尸炉
109025299,其他商业、饮食、服务专用设备
109025301,消防自动系统
109025302,灭火器
109025303,灭火器零件
109025304,灭火器用装配药及灭火弹
109025305,消防、防爆专用手工工具
109025306,消防设备附件
109025307,警棍及类似警用器械
109025308,取证鉴定专用器材
109025309,安全检查仪器
109025310,监控电视摄像机
109025311,防盗、防火报警器及类似装置
109025401,道路交通安全管制设备
109025402,铁道电气交通管理设备
109025403,内河航道、港口用交通管制设备
109025404,飞机场用电气交通管理设备
109025499,其他交通安全及管制专用设备
109025501,地平线开凿机系统
109025502,清淤机械
109025503,水利专用机械
109025504,自来水生产专用设备
109025601,工业机器人
109025602,机械式遥控操作装置（遥控机械手）
109025603,具有独立功能专用机械
109029900,其他专用设备及零部件
109030101,铁路机车
109030102,动车组
109030103,城市轨道车辆
109030104,铁路客车
109030105,铁路货车
109030106,铁路特殊用途车辆
109030200,工矿有轨专用车辆（窄轨机车车辆）
109030300,铁路机车车辆配件及零件
109030400,铁路专用设备及器材、配件
109030501,乘用车
109030502,客车
109030503,载货汽车
109030504,半挂牵引车
109030601,排气量在1.0升以下（含1.0升）的乘用车底盘（车架）改装、改制的车辆
109030602,排气量在1.0升以上至1.5升（含1.5升）的乘用车底盘（车架）改装、改制的车辆
109030603,中轻型商用客车底盘（车架）改装、改制的车辆
109030699,其他改装汽车
109030701,三轮运输车
109030702,其他低速载货汽车
109030801,汽车车身
109030802,挂车、半挂车
109030803,挂车及半挂车零件
109030900,电动汽车
109031001,机动车（汽车）零配件
109031002,汽车底盘车架、车身及其零配件
109031100,汽车底盘
109031201,摩托车，排气量在250毫升以下（不含250毫升）
109031202,摩托车，排气量是250毫升以上（含250毫升）
109031300,摩托车零部件及配件
109031401,两轮脚踏自行车
109031402,三轮脚踏自行车
109031403,特种脚踏自行车
109031404,脚踏自行车零件
109031500,残疾人用车
109031600,助动自行车及其零件
109031700,休闲专用车及其零附件
109031801,机动货船
109031802,机动客船
109031803,机动渔船
109031804,机动工程（工作）船
109031805,其他机动船
109031806,非机动船
109031900,非金属船舶
109032000,游艇
109032101,船用甲板机械
109032102,船舶自动化、检测、监控系统
109032103,船舶专用设备
109032104,船用环保设备
109032105,海上救生设备
109032106,船用配套设备零件
109032200,船用推进器及螺旋桨、锚制品
109032301,航标器材
109032302,浮动结构体、浮式装置
109032303,海洋石油浮动工程结构物
109032401,民用飞机及直升机
109032402,无动力航空器
109032403,航空器发射、甲板停机装置及地面飞行训练装置
109032404,航空器零件
109032501,航天器及其运载工具
109032502,航天器及其运载工具零件
109032601,潜水装备
109032602,潜水水下作业用装备
109032603,潜水服
109032604,水下潜器
109032701,发光标志及类似品及其零件
109032702,金属制地名牌、号码及类似标志
109032801,手推车
109032802,畜力拖曳车辆
109032803,非机械驱动车辆零件
109040101,交流发电机
109040102,直流发电机
109040201,发电机组
109040202,内燃发电机组
109040203,旋转式变流机
109040204,电机及发电机组专用零件
109040301,直流电动机
109040302,交流电动机
109040303,交直流两用电动机
109040304,小功率电动机
109040305,微电机
109040306,与内燃机配用发电机
109040307,电动机零件
109040399,其他电机
109040401,变压器
109040402,互感器
109040403,静止式变流器
109040404,电抗器
109040405,电感器
109040406,变压器、整流器和电感器零件
109040501,电力电容器
109040502,电力电容器成套装置
109040503,电力电容器零件
109040601,全封闭组合电器（GIS）
109040602,六氟化硫断路器
109040603,敞开式组合电器
109040604,隔离开关
109040605,接地开关
109040701,高压电路开关、保护电器装置
109040702,低压开关、保护控制装置
109040703,电路连接装置
109040704,电力控制或电力分配装置
109040801,电力半导体器件（5A以上）
109040802,电力微电子组件
109040803,电力集成电路
109040804,继电器
109040805,继电器保护装置
109040806,配电或电器控制设备专用零件
109040901,裸电线
109040902,绝缘电线
109040903,同轴电缆
109040904,专用电缆
109040905,电子元器件引线
109040999,其他电线电缆
109041001,光纤
109041002,光缆
109041101,电气绝缘子
109041102,电气设备用绝缘配件
109041201,内燃机电点火起动装置
109041202,电磁铁及电磁性装置
109041203,风挡刮水器
109041204,除霜器
109041205,去雾器
109041206,内燃机电点火起动装置零件
109041299,其他相关电工器材
109041301,原电池及原电池组
109041302,蓄电池
109041303,太阳能电池
109041304,燃料电池
109041305,其他电池
109041306,电池零部件
109041401,家用冷藏冷冻箱
109041402,家用冷藏箱
109041403,家用冷冻箱
109041499,其他家用制冷电器具
109041501,房间空气调节器
109041502,家用空气湿度调节装置
109041503,家用房间空气清洁装置
109041599,其他家用空气调节器
109041601,家用电风扇
109041602,家用吸排油烟机
109041603,家用换气、排气扇
109041604,电热干手器
109041699,其他家用通风电器具
109041701,家用电热烹调器具
109041702,家用电热烘烤器具
109041703,家用水及饮料加热器具
109041704,家用电炉灶
109041705,家用食品加工电动器具
109041706,家用厨房电清洁器具
109041707,家用饮水电过滤、净化装置
109041799,其他家用厨房电器具
109041801,家用洗衣机
109041802,家用干衣机
109041803,家用脱水机
109041804,电热水器
109041805,家用电清洁器具
109041899,其他家用清洁卫生电器具
109041901,家用理发、吹风电器具
109041902,电动脱毛器
109041903,电美容仪
109041904,电动牙刷
109041905,家用电动按摩器
109041999,其他家用美容、保健电器具
109042001,家用电热取暖器具
109042002,家用电熨烫器具
109042099,其他家用电热电力器具类似产品
109042101,家用空调设备零件
109042102,家用电冰箱用配件
109042103,家用洗衣机用配件
109042104,电动理发工具零件
109042105,电热器具零件
109042106,家用电动器具零件
109042107,家用型过滤、净化装置零件
109042199,其他家用电力器具专用配件
109042201,家用燃气用具
109042202,沼气用具
109042203,太阳能用具
109042204,液体燃料家用器具
109042205,固体燃料家用器具
109042206,铜制家用烹饪或供暖器具
109042207,非电力家用器具零件
109042301,白炽灯泡
109042302,荧光灯
109042303,冷阴极荧光灯
109042304,卤钨灯
109042305,高强度气体放电灯（HID灯）
109042306,照相闪光灯源
109042399,其他电光源
109042401,室内照明灯具
109042402,户外照明用灯具及装置
109042403,装饰用灯
109042404,特殊用途灯具及照明装置
109042405,发光标志、发光铭牌及类似品
109042406,非电气灯具及照明装置
109042407,自供能源灯具
109042408,灯用电器附件
109042409,电光源、灯具及照明装置零件
109042501,机动车辆用电气照明装置
109042502,车辆用视觉信号装置
109042503,自行车照明或视觉、音响信号装置
109042504,车辆用电气音响信号装置
109042505,电气音响或视觉信号装置
109042506,照明及电气信号装置零件
109042599,其他车辆专用照明、信号及其装置
109042601,粒子加速器
109042602,信号发生器（电气装置）
109042603,电气空间加热器具装置
109042604,电篱网激发器
109042605,紫外线辐照设备
109042699,其他具有独立功能电气设备及装置
109050101,光通信设备
109050102,卫星通信设备
109050103,微波通信设备
109050104,散射通信设备
109050105,载波通信设备
109050106,通信导航定向设备
109050107,通信传输设备零件
109050201,程控交换机
109050202,ATM交换机
109050203,光交换机
109050204,通信交换设备零件
109050299,其他通信交换设备
109050301,收发合一中小型电台
109050302,电话单机
109050303,数据终端设备
109050304,通信终端设备用零件
109050401,数字蜂窝移动电话系统设备
109050402,集群通信系统设备
109050403,无中心选址通信系统设备
109050404,移动通信设备零件
109050501,移动通信手持机（手机）
109050502,移动通信终端设备零件
109050599,其他移动通信终端设备
109050601,光纤接入设备
109050602,铜缆接入设备
109050603,电力线宽带接入设备（BPL）
109050604,固定无线接入设备
109050701,雷达设备
109050702,无线电导航设备
109050703,无线电遥控设备
109050704,雷达及无线电导航设备零件
109050801,广播电视节目制作及播控设备
109050802,广播电视发射及传输设备
109050803,应用广播电视设备
109050804,广播电视设备专用配件
109050901,电子计算机整机
109050902,计算机数字式处理部件
109051001,网络控制设备
109051002,网络接口和适配器
109051003,网络连接设备
109051004,网络优化设备
109051005,网络检测设备
109051099,其他计算机网络设备
109051101,终端显示设备
109051102,输入设备及装置
109051103,输出设备及装置
109051104,外存储设备及部件
109051105,阅读机、数据转录及处理机械
109051201,微机板卡
109051202,计算机电源
109051299,其他电子计算机配套产品及耗材
109051301,访问控制类设备
109051302,边界防护类设备
109051303,数据保护类设备
109051304,安全检测类设备
109051305,安全智能卡类设备
109051306,密钥管理类设备
109051307,税控设备
109051399,其他信息系统安全设备
109051401,电子管
109051402,电子束管
109051403,射线计数管
109051404,真空开关管
109051405,真空电子器件零件
109051499,其他真空电子器件
109051501,半导体二极管
109051502,半导体三极管
109051503,小信号晶体管
109051504,功率晶体管
109051505,半导体敏感器件
109051599,其他半导体分立器件
109051601,电子束光电器件
109051602,电真空光电子器件
109051603,半导体光电器件
109051604,激光器件
109051700,集成电路
109051800,微电子组件
109051901,电容器
109051902,电阻器及电阻网络
109051903,电位器
109051904,频率控制元器件
109051905,磁性材料元件
109051906,电声器件
109051907,射频元器件
109051908,电子元件、组件零件
109051999,其他电子元件
109052000,传感器
109052100,印制电路板
109052201,视频设备
109052202,家用影视摄、录、放设备
109052203,家用音响设备
109052204,汽车用音响设备
109052205,家用音视频设备用配件
109052299,其他家用音视频设备
109059900,其他未列明电子设备
109060101,工业自动调节仪表
109060102,工业自动控制系统
109060103,楼宇控制系统
109060104,工业自动调节仪表与控制系统零件、附件
109060201,温度测量仪表
109060202,压力测量仪表
109060203,流量测量仪表
109060204,物位、液位测量仪表
109060205,显示仪表、记录仪
109060206,执行器
109060299,其他工业仪表
109060301,电能表
109060302,自动抄表系统（不含表）
109060303,电力负荷控制系统
109060304,电磁参数测量仪器仪表
109060305,电磁参量分析与记录装置
109060306,配电系统电气安全检测与分析装置
109060307,电源装置
109060308,标准与校验设备
109060309,扩大量限装置
109060310,电力自动化仪表及系统
109060311,自动测试系统与虚拟仪器
109060312,非电量电测仪表及装置
109060313,电工仪器仪表零部件
109060399,其他电工仪器仪表
109060401,绘图台及绘图机
109060402,绘图工具
109060403,划线用具
109060404,数学计算器具
109060405,量具
109060406,手动测量长度器具
109060407,量仪
109060408,机械量仪表
109060409,数显装置
109060410,测量仪器
109060499,其他绘图、计算仪器及零件
109060501,电化学式分析仪器
109060502,光学分析仪器
109060503,热学分析仪器
109060504,质谱仪器
109060505,波谱仪器
109060506,色谱仪器
109060507,电泳仪
109060508,能谱仪及射线分析仪器
109060509,物性分析仪器
109060510,气体分析测定装置
109060511,分析仪器及装置零件、附件
109060599,其他分析仪器及装置
109060601,试验机
109060602,真空计
109060603,动力测试仪器
109060604,天平仪器
109060605,环境试验设备
109060606,产品、材料检验专用仪器
109060607,检测器具及设备
109060608,试验机械，相关检测仪器、器具零件
109060701,水污染监测仪器
109060702,气体或烟雾分析、检测仪器
109060703,噪声监测仪器，相关环境监测仪器
109060801,汽车仪器仪表
109060802,计数装置
109060803,速度计及转速表
109060804,汽车速测仪
109060805,频闪观测仪
109060806,计数装置、速度计及转速表零件
109060901,定向罗盘及定位系统
109060902,航空或航天导航仪器及装置
109060903,船舶导航系统
109060904,导航仪器及装置零件、附件
109061001,测距仪
109061002,经纬仪
109061003,电子速测仪
109061004,水准仪
109061005,平板仪
109061006,垂准仪
109061007,建筑施工激光仪器
109061008,空间扫描测量仪
109061009,摄影测量系统
109061010,测量型GNSS接收机
109061011,大地测量仪器零件、附件
109061099,其他大地测量仪器
109061101,气象观测仪器
109061102,水文仪器
109061103,气象、水文仪器及装置零件、附件
109061199,其他气象、水文仪器及装置
109061201,农、林专用仪器
109061202,牧业专用仪器
109061203,渔业专用仪器
109061301,测震仪器
109061302,地震前兆仪器
109061303,其他地震专用仪器
109061304,金属、矿藏探测器
109061305,钻探测试、分析仪器
109061306,金属、矿藏探测器零件
109061401,电气化教学设备
109061402,供示范用机器或装置
109061499,其他教学专用仪器
109061501,离子射线测量或检验仪器
109061502,离子射线应用设备
109061503,核辐射监测报警仪器
109061504,放射性物体加工计量仪器
109061505,辐照加工用仪器设备
109061506,辐射无损检测、探伤仪器
109061599,其他核子及核辐射测量仪器
109061601,光学检测仪器及设备
109061602,通信测量仪器
109061603,通用电子测量仪器
109061604,广播电视测量仪器
109061605,新型显示器件测量仪器
109061606,新型材料测试仪器
109061607,集成电路测试仪器
109061608,微波测量仪器
109061609,印制电路板测量仪器
109061610,声学测量仪器
109061611,干扰场强测量仪器
109061612,电子测量仪器零、附件
109061699,其他光学、电子测量仪器
109061701,纺织专用测试仪器
109061799,其他纺织相关专用测试仪器
109061801,钟
109061802,高档手表
109061803,其他表
109061804,组装钟表机心
109061805,未组装钟表机心
109061806,定时器
109061807,时间记录器及类似计时仪器
109061808,钟表零配件
109061809,表带及其零件
109061901,光学望远镜
109061902,天文仪器
109061903,显微镜
109061904,望远镜瞄准具及类似器具
109061905,物镜
109061906,已装配光学元件
109061907,偏振材料制片及板
109061908,光学仪器零件、附件
109062001,眼镜成镜
109062002,眼镜片
109062003,眼镜框架及其零件
109062004,眼镜盒（袋）
109062101,电影摄影机
109062102,电影放映机
109062103,电路投影装置
109062104,银幕
109062105,电影设备零件和附件
109062201,照相机
109062202,照相机器材
109062203,缩微设备
109062204,照相机、缩微阅读机零件
109062301,自动洗印设备
109062302,非自动洗印用装置和设备
109062303,照相及电影洗印设备零件
109062401,幻灯机
109062402,投影仪
109062403,幻灯及投影设备附件、零件
109062501,静电复印设备
109062502,胶印设备
109062503,办公印刷设备
109062504,复印设备配套装置、零件
109062599,其他复印和胶版印制设备
109062601,装有计算和电子装置设备
109062602,银行专用机器
109062701,打字机及文字处理机
109062702,削笔类用具
109062703,文件装订用机械
109062799,其他文化、办公用设备或器具
109069900,其他仪器仪表及文化、办公用机械
109990000,其他机械、设备类产品
110010101,发电
110010102,供电
110010201,热力
110010202,供热
110010300,冷气
110020101,焦炉煤气
110020102,高炉煤气
110020103,油制气
110020104,水煤气
110020105,发生炉煤气
110020106,加压气化炉煤气
110020199,其他煤气
110020201,人工煤气
110020202,民用天然气
110020203,液化天然气（LNG）
110020204,民用液化石油气
110030101,自来水
110030102,再生水
110030103,淡化水
110030104,天然水
110030201,自然冰
110030202,工业人造冰
110030203,自然雪
110030204,人造雪
110039900,其他水冰雪
201010000,稀土冶炼分离产品加工劳务
201020000,垃圾处理、污泥处理处置劳务
201030000,污水处理劳务
201040000,工业废气处理劳务
201050000,其他加工劳务
301010101,铁路旅客运输服务
301010102,道路旅客运输服务
301010201,铁路货物运输服务
301010202,道路货物运输服务
301010299,其他陆路货物运输服务
301020101,国内水路旅客运输服务
301020102,国际水路旅客运输服务
301020103,港澳台水路旅客运输服务
301020201,国内水路货物运输服务
301020202,国际水路货物运输服务
301020203,港澳台水路货物运输服务
301020301,水路旅客运输期租业务
301020302,水路货物运输期租业务
301020401,水路旅客运输程租业务
301020402,水路货物运输程租业务
301030101,航空旅客运输服务
301030102,航空货物运输服务
301030103,航空运输湿租业务
301030200,航天运输服务
301040101,国内液体管道运输服务
301040102,国际液体管道运输服务
301040103,港澳台液体管道运输服务
301040201,国内气体管道运输服务
301040202,国际气体管道运输服务
301040203,港澳台气体管道运输服务
301040301,国内固体管道运输服务
301040302,国际固体管道运输服务
301040303,港澳台固体管道运输服务
301049901,国内其他管道运输服务
301049902,国际其他管道运输服务
301049903,港澳台其他管道运输服务
301050100,无船承运
301050201,无运输工具承运铁路运输服务
301050202,无运输工具承运道路运输服务
301050301,无运输工具承运水路旅客运输服务
301050302,无运输工具承运水路货物运输服务
301050401,无运输工具承运航空旅客运输服务
301050402,无运输工具承运航空货物运输服务
301050500,无运输工具承运管道运输服务
301050601,无运输工具承运旅客联运运输服务
301050602,无运输工具承运货物联运运输服务
301059901,其他无运输工具承运旅客运输业务
301059902,其他无运输工具承运货物运输业务
301060100,旅客联运服务
301060200,货物联运服务
301990100,其他旅客运输服务
301990200,其他货物运输服务
302010101,函件寄递服务
302010102,包裹寄递服务
302010199,其他邮件寄递服务
302010200,邮票发行服务
302010300,报刊发行服务
302010400,邮政汇兑
302019900,其他邮政普遍服务
302020000,邮政特殊服务
302030100,邮册等邮品销售服务
302030200,邮政代理服务
302039900,其他未列邮政服务
303010100,语音通话服务
303010200,出租或出售网络元素
303020100,短信和彩信服务
303020200,电子数据和信息的传输及应用服务
303020300,互联网接入服务
303020400,广播电视信号传输服务
303020500,卫星电视信号落地转接服务
303029900,其他增值电信服务
304010100,研发服务
304010200,技术咨询服务
304010300,合同能源管理服务
304010401,工程勘察服务
304010402,地质勘查服务
304010403,专业技术服务
304010500,专业技术服务
304020101,软件开发服务
304020102,软件咨询服务
304020103,软件维护服务
304020104,软件测试服务
304020199,其他软件服务
304020201,电路设计服务
304020202,电路测试服务
304020203,相关电路技术支持服务
304020300,信息系统服务
304020400,业务流程管理服务
304020500,信息系统增值服务
304030101,工程设计服务
304030102,专业设计服务
304030103,文印晒图服务
304030199,其他设计服务
304030200,知识产权服务
304030301,广告发布服务
304030302,广告代理服务
304030401,会议服务
304030402,展览服务
304040101,航空地面服务
304040102,通用航空服务
304040201,客运港口码头服务
304040202,货运港口码头服务
304040299,其他港口码头服务
304040301,铁路货运客运场站服务
304040302,道路货运客运场站服务
304040400,打捞救助服务
304040501,国内货物运输代理服务
304040502,国际货物运输代理服务
304040503,港澳台货物运输代理服务
304040600,代理报关服务
304040701,农产品仓储服务
304040702,专业仓储服务
304040703,运输货场仓储服务
304040704,商业流通仓储服务
304040799,其他仓储服务
304040800,装卸搬运服务
304040901,收件服务
304040902,分拣服务
304040903,派送服务
304050101,有形动产融资租赁服务
304050102,有形动产融资租赁售后回租服务
304050103,不动产融资租赁服务
304050199,其他融资租赁服务
304050201,有形动产经营租赁服务
304050202,不动产经营租赁
304060100,认证服务
304060201,工程监理服务
304060299,其他鉴证服务
304060300,咨询服务
304070101,广播节目制作服务
304070102,电视节目制作服务
304070103,电影制作服务
304070104,音像制作服务
304070201,广播节目发行服务
304070202,电视节目发行服务
304070203,电影发行服务
304070301,广播节目播出服务
304070302,电视节目播出服务
304070303,电影放映服务
304080101,物业管理服务
304080199,其他企业管理服务
304080201,货物运输代理服务
304080202,代理报关服务
304080203,婚姻介绍服务
304080204,人力资源外包服务
304080299,其他经纪代理服务
304080301,劳务派遣服务
304080399,其他人力资源服务
304080400,安全保护服务
304990000,其他现代服务
305010000,工程服务
305020000,安装服务
305030000,修缮服务
305040000,装饰服务
305990000,其他建筑服务
306010100,金融同业往来业务
306010200,金融机构农户小额贷款
306010300,国家助学贷款
306010400,国债
306010500,地方政府债
306010600,住房公积金个人住房贷款
306010700,外汇局外汇贷款
306010800,统借统还
306010901,有形动产融资性售后回租
306010902,不动产融资性售后回租
306010999,其他融资性售后回租
306011001,企业贷款
306011002,个人贷款
306011003,票据贴现
306019900,其他贷款服务
306020000,直接收费金融服务
306030101,一年期以上的返还性人身保险和健康保险服务
306030199,其他人身保险服务
306030201,出口货物保险服务
306030202,机动车交通事故责任强制保险服务
306030203,农牧业保险服务
306030204,国际航运保险服务
306030299,其他财产保险服务
306040100,股票转让
306040200,债券转让
306040300,外汇转让
306049900,其他金融商品转让
307010100,文化服务
307010200,体育服务
307020101,学历教育服务
307020102,非学历教育服务
307020103,教育辅助服务
307020200,医疗服务
307030100,旅游服务
307030200,娱乐服务
307040100,餐饮服务
307040200,住宿服务
307050100,殡葬服务
307050200,养老服务
307050300,员工制家政服务
307050400,育养服务
307059900,其他居民日常服务
307990000,其他生活服务
401010000,专利技术
401020000,非专利技术
405010100,出让土地使用权
405010200,收回土地使用权
405019900,其他土地使用权
405020000,探矿权
405030000,采矿权
405990000,其他自然资源使用权
501010100,房地产开发住宅
501010200,取得的住宅
501010300,房改房
501019900,其他住房
501020100,房地产开发商业用房
501020200,取得的商业用房
501029900,其他商业用房
501990000,其他建筑物
